length	total
01:31:07	1
00:17:28	1
01:48:26	1
00:06:04	2
00:06:05	11
00:06:06	2
00:06:07	11
00:06:00	199
00:06:01	2
00:06:02	7
00:06:03	5
01:03:40	1
00:06:08	6
00:06:09	2
00:03:38	7
00:03:39	5
00:03:36	11
00:03:37	8
00:03:34	5
00:03:35	7
00:03:32	5
00:03:33	9
00:03:30	19
00:03:31	11
01:18:00	67
01:55:35	1
04:01:00	1
00:35:53	2
00:22:31	2
09:00:00	1
01:38:40	1
00:13:14	2
03:52:00	3
02:00:00	229
00:01:09	3
00:01:08	7
00:13:16	4
00:01:01	7
00:01:00	40
00:01:02	2
00:01:05	1
00:01:04	7
00:01:07	6
00:01:06	4
01:12:00	60
00:02:19	8
00:02:18	9
00:02:17	9
00:02:16	1
00:02:15	6
00:02:14	7
00:02:13	6
00:02:12	7
00:02:11	7
00:02:10	8
02:02:00	55
03:54:00	1
00:07:03	7
00:07:02	7
00:07:01	4
00:07:00	220
00:07:07	7
00:07:06	4
00:07:05	12
00:07:04	3
00:07:09	2
00:07:08	3
01:23:13	1
00:00:11	1
00:00:10	2
00:00:13	2
00:20:58	15
00:00:15	7
00:00:17	1
00:00:16	1
00:00:19	3
00:20:52	12
00:20:51	3
00:20:50	27
00:20:57	10
00:20:55	4
00:47:40	3
00:04:08	9
00:04:09	1
00:04:06	2
00:04:07	10
00:04:04	3
00:04:05	3
00:04:02	7
00:04:03	2
00:04:00	128
00:04:01	6
00:11:40	30
00:05:04	3
00:25:30	26
00:11:43	16
00:05:01	1
00:05:00	172
00:05:03	12
00:05:02	2
00:11:48	18
00:11:49	1
00:25:38	3
00:25:39	3
00:05:09	3
00:05:08	11
00:09:01	2
00:09:00	379
00:09:03	13
00:09:02	22
00:09:05	10
00:09:04	6
00:09:07	11
00:09:06	2
00:42:22	2
00:09:08	13
00:42:20	1
01:39:48	1
00:42:25	1
00:22:19	2
00:22:18	9
01:36:53	1
01:36:55	1
01:36:57	1
01:00:33	1
00:22:11	2
00:22:10	7
00:22:13	14
00:22:12	6
00:22:15	9
00:22:17	6
06:26:00	1
00:50:07	1
00:50:05	1
00:50:03	3
00:50:02	3
00:50:00	554
02:06:00	48
00:50:09	1
00:50:08	1
01:14:38	1
02:06:06	1
00:24:13	4
00:24:12	7
00:24:11	1
00:24:10	11
00:24:17	3
01:11:48	1
00:24:15	9
00:24:19	3
00:24:18	10
00:39:24	1
00:08:47	13
00:08:44	4
00:08:45	31
00:08:42	17
00:08:43	11
00:08:40	13
00:08:41	7
03:17:00	1
00:08:48	15
00:08:49	3
00:21:36	2
00:21:37	11
00:21:34	2
00:21:35	9
00:21:32	14
03:56:03	1
00:21:30	18
00:21:31	2
00:21:38	6
01:35:35	1
00:26:15	10
00:26:17	7
00:26:10	4
00:26:13	4
00:26:12	8
00:26:18	4
00:17:59	1
00:17:58	5
00:17:55	12
00:17:57	10
00:17:56	1
00:54:43	1
00:17:50	15
00:17:53	12
00:17:52	4
00:33:17	1
00:11:31	1
00:33:15	2
00:33:14	1
00:53:48	1
00:33:10	3
00:53:47	1
00:53:45	1
00:51:37	3
00:53:40	1
00:18:06	1
00:51:36	1
01:32:40	1
01:10:40	1
00:51:31	1
00:11:34	1
00:51:33	2
01:46:16	1
01:46:13	1
00:55:41	1
00:55:42	1
00:55:43	1
02:22:00	17
00:55:45	1
00:55:46	1
05:00:00	16
02:22:08	1
00:31:55	1
00:31:57	8
00:31:56	1
00:31:50	5
00:31:53	1
00:31:59	1
00:31:58	1
04:17:00	1
00:37:58	1
00:37:57	3
00:37:55	1
01:33:48	1
02:09:37	1
02:41:00	14
02:25:00	20
00:52:45	2
01:42:00	144
00:52:47	5
00:52:40	2
00:52:43	2
00:52:42	1
00:28:35	9
00:28:37	14
00:28:36	2
00:28:31	1
00:28:30	24
00:28:33	13
00:28:32	7
00:38:05	2
00:28:38	5
02:23:00	18
00:38:07	1
01:44:00	151
01:34:58	1
01:44:05	1
01:30:26	1
07:00:00	5
01:30:22	1
00:58:11	1
01:27:50	1
01:30:28	1
01:50:10	1
00:29:54	1
00:29:55	6
00:29:56	1
00:29:57	8
00:29:50	4
00:29:51	2
00:29:52	5
00:29:53	3
00:29:58	3
02:20:00	32
01:35:19	1
02:01:32	1
00:06:19	2
02:01:31	1
01:48:14	1
02:21:00	21
00:06:13	5
00:06:12	9
00:06:11	5
00:05:28	7
00:06:17	5
00:06:16	3
00:06:15	7
00:06:14	4
00:05:27	8
01:03:53	2
01:21:30	1
00:03:29	3
00:03:28	8
00:03:25	19
00:03:24	10
00:03:27	6
00:03:26	10
00:03:21	11
00:03:20	20
00:03:23	10
00:03:22	17
04:41:00	1
01:18:13	1
00:25:37	9
01:44:43	1
00:24:21	3
00:49:50	1
01:38:50	2
00:49:55	1
01:49:28	1
16:39:00	1
03:35:00	8
00:01:38	2
00:01:39	5
01:49:33	1
00:01:35	5
00:01:36	7
00:01:37	7
00:01:30	10
00:01:31	2
00:01:32	2
00:01:33	4
03:20:55	1
02:04:22	1
00:00:24	14
00:00:25	1
00:00:26	3
00:00:27	3
00:00:20	5
00:00:21	1
00:20:28	3
00:20:29	2
00:20:26	1
00:20:27	11
00:20:25	15
00:00:28	3
00:00:29	3
00:20:20	6
00:20:21	2
00:04:19	5
00:04:18	10
00:04:15	7
00:04:14	4
00:04:17	7
00:04:16	5
00:04:11	5
00:04:10	16
00:04:13	10
00:04:12	12
00:11:57	22
00:25:20	22
00:11:55	6
00:25:22	4
00:11:53	8
00:11:52	14
00:11:51	3
00:11:50	12
00:25:29	4
01:41:27	1
01:41:22	1
00:11:59	1
00:11:58	3
00:09:34	2
00:42:38	1
00:09:36	3
00:09:37	17
00:09:30	36
00:09:31	4
00:09:32	16
01:39:31	1
00:42:30	3
01:16:42	1
01:16:43	1
00:09:38	16
00:09:39	9
00:42:37	1
00:22:28	3
00:22:29	1
00:22:24	1
00:22:25	9
00:22:26	2
00:22:27	9
02:15:59	1
00:22:21	1
00:22:22	3
00:22:23	2
00:47:58	1
00:47:59	2
00:47:52	1
00:47:53	1
08:46:00	1
01:17:35	2
00:39:38	2
00:39:30	2
00:39:35	1
05:55:00	2
00:08:55	15
00:08:54	11
00:08:57	12
00:08:56	5
00:08:51	3
00:08:50	19
00:08:53	27
00:08:52	11
00:08:59	6
00:08:58	13
00:05:38	7
00:05:39	5
00:21:27	3
00:21:26	1
00:21:21	3
00:21:20	7
00:21:23	18
00:21:22	7
00:05:30	28
00:05:31	3
00:05:32	9
00:05:33	18
00:05:34	2
00:05:35	6
00:05:36	4
00:05:37	6
00:18:21	4
00:18:20	27
01:23:18	1
00:18:23	7
05:03:00	2
01:32:27	1
00:18:25	14
00:18:24	1
00:53:59	1
00:06:51	1
00:53:55	2
00:18:26	4
00:53:50	2
00:53:53	1
00:28:44	3
07:27:00	1
00:19:56	2
00:28:46	1
06:08:00	2
02:17:00	28
00:28:47	5
05:05:00	2
01:46:08	1
01:37:48	1
00:28:40	13
01:46:00	140
00:28:41	3
00:55:57	1
00:55:56	1
00:00:12	2
00:55:53	2
00:28:42	7
00:55:50	1
00:28:43	7
00:55:58	1
00:26:28	6
00:20:53	8
08:44:00	1
00:00:18	1
00:26:20	12
00:26:21	1
00:26:22	5
00:26:23	13
00:26:24	2
00:26:25	11
00:26:26	1
00:26:27	10
01:20:08	1
01:04:54	1
01:37:47	1
08:42:00	2
03:09:00	1
06:54:12	1
00:26:42	5
01:42:32	1
00:26:43	5
00:10:52	18
00:48:40	2
00:12:59	3
00:48:47	1
00:48:45	1
00:12:52	10
00:12:53	15
00:12:50	26
00:12:51	2
00:12:56	1
00:12:57	14
00:12:54	5
00:10:55	16
01:20:07	1
07:05:00	2
01:12:32	1
00:10:57	22
01:30:35	1
01:30:37	2
00:29:48	2
01:28:48	1
00:30:00	1266
00:29:43	8
00:29:42	3
01:16:45	1
00:29:40	5
00:29:47	2
00:29:46	1
00:29:45	7
02:01:21	1
00:05:05	11
01:40:45	1
01:48:00	111
00:11:42	8
00:05:06	4
06:00:00	3
00:11:44	2
00:11:45	18
00:03:10	9
00:03:11	9
00:03:12	12
00:03:13	16
00:03:14	11
00:25:34	1
00:03:16	6
00:03:17	10
00:03:18	7
00:03:19	6
00:11:47	10
00:28:08	3
00:28:09	1
05:20:00	3
01:18:22	1
00:28:00	568
00:28:02	12
00:28:03	17
00:28:04	3
00:28:05	7
00:28:06	3
00:28:07	15
00:49:48	2
00:49:41	1
00:49:40	3
01:38:25	1
00:49:45	1
07:34:56	1
01:49:00	75
00:54:18	1
01:49:04	1
00:54:19	1
00:01:23	3
00:01:22	7
00:01:21	4
00:01:20	5
00:01:27	3
00:01:26	2
00:01:25	4
01:39:42	1
00:01:29	5
00:01:28	5
01:51:55	1
01:41:29	1
00:46:45	1
00:46:46	1
00:46:40	2
00:46:41	1
00:46:42	1
00:46:43	1
13:00:00	3
01:33:12	1
02:10:12	1
01:41:26	1
00:23:12	6
00:23:13	8
00:23:10	2
00:00:38	4
00:23:16	1
00:23:17	5
00:23:15	5
00:00:33	1
00:00:31	6
00:00:30	21
00:00:36	2
00:00:35	2
01:50:43	1
00:44:08	1
00:20:39	1
00:20:38	4
00:20:35	6
00:20:34	3
00:44:00	64
00:44:01	1
00:20:31	2
00:20:30	10
00:20:33	14
00:20:32	5
00:04:20	11
00:04:21	5
00:04:22	9
00:04:23	3
00:04:24	6
00:04:25	2
00:04:26	6
00:04:27	11
00:04:28	4
00:04:29	5
00:55:32	1
00:25:14	2
00:25:15	9
00:09:29	6
00:09:28	4
00:25:10	14
00:25:11	2
00:25:12	10
00:25:13	9
00:09:23	11
00:09:22	18
00:09:21	3
00:09:20	23
00:09:27	36
00:09:26	5
00:09:25	22
00:09:24	6
00:42:00	50
00:42:02	1
00:22:33	6
00:22:32	2
03:23:00	7
00:22:30	15
00:22:37	4
00:22:35	4
00:22:39	2
00:22:38	7
00:45:10	1
00:47:43	1
02:45:00	26
00:47:47	1
00:47:45	1
00:47:44	1
02:02:22	1
00:40:06	1
04:48:00	1
00:40:00	195
00:40:08	2
00:39:45	1
00:39:42	1
00:39:43	1
00:21:18	9
00:21:19	3
00:21:10	10
00:21:11	2
00:21:12	9
00:21:13	2
00:21:15	18
00:21:16	1
00:21:17	7
00:41:41	1
00:41:40	3
00:41:45	1
00:41:44	1
00:05:29	2
04:14:26	1
01:21:33	1
00:05:26	2
00:05:25	13
00:05:24	5
00:05:23	7
00:05:22	11
00:05:21	2
00:05:20	8
01:31:40	1
01:05:42	1
01:05:43	2
00:29:08	1
00:27:18	9
00:27:16	2
00:27:17	13
00:27:14	1
00:27:15	15
00:27:12	7
00:27:13	17
00:27:10	13
00:27:11	2
05:15:00	2
03:11:00	2
01:46:30	1
01:46:32	1
00:43:27	1
01:46:37	1
00:05:07	5
01:25:32	1
00:13:33	13
01:15:45	1
01:15:47	1
00:35:29	1
00:53:25	1
00:26:39	2
00:26:38	5
00:26:37	6
00:26:36	4
00:26:35	6
00:26:34	2
00:26:33	7
00:26:32	6
00:26:31	1
00:26:30	21
00:43:29	1
00:34:55	1
00:31:08	2
00:13:31	1
00:15:29	1
02:09:12	1
00:43:28	2
01:56:50	1
01:56:57	1
00:55:37	1
00:53:27	1
01:42:22	2
01:42:26	1
00:35:25	2
02:32:05	1
01:25:48	1
00:24:16	1
00:12:49	3
00:12:48	17
00:48:53	3
00:48:55	1
01:02:57	1
00:48:57	1
00:12:41	3
00:12:40	18
00:12:43	17
00:12:42	9
00:12:45	21
00:12:44	5
00:12:47	34
00:12:46	5
00:43:17	1
02:07:15	1
01:30:00	458
01:30:01	1
06:52:00	1
02:24:37	1
00:51:58	1
00:29:38	3
00:29:39	1
00:29:36	2
00:29:37	6
00:29:34	1
01:01:32	1
00:29:32	5
02:04:30	1
00:29:30	19
00:29:31	1
02:20:20	1
00:08:46	2
01:32:00	167
01:32:05	2
00:23:27	3
01:32:09	1
03:50:00	3
00:39:27	1
01:14:03	1
03:34:00	4
00:39:21	1
00:03:07	12
00:03:06	9
00:03:05	10
00:03:04	12
00:03:03	10
00:03:02	5
00:03:01	11
00:03:00	113
00:39:23	1
00:03:09	10
00:03:08	13
01:01:14	1
00:28:19	1
00:28:18	4
00:28:17	6
00:28:16	3
00:28:15	13
00:28:14	1
00:28:13	4
00:28:12	20
00:28:11	3
00:28:10	13
01:38:38	1
00:48:50	1
03:32:00	2
01:02:50	1
03:25:00	3
01:49:16	1
01:49:15	1
01:32:32	1
01:14:36	1
02:40:30	1
00:01:56	6
00:01:57	8
00:46:59	1
00:01:55	7
00:01:52	2
00:01:53	7
06:28:48	1
00:01:51	5
00:46:53	2
00:46:50	1
00:01:58	6
00:01:59	3
00:48:58	1
01:07:00	24
00:21:33	12
00:07:58	6
00:07:59	2
00:43:30	2
00:43:37	1
00:43:35	2
00:07:50	15
00:07:51	2
00:43:38	2
00:07:53	7
00:07:54	7
00:07:55	20
00:07:56	6
00:07:57	10
04:11:00	1
00:23:00	231
00:23:03	15
00:23:02	2
00:23:05	6
00:23:07	8
00:00:49	1
00:23:09	1
00:00:47	3
04:35:00	3
00:00:45	2
00:00:42	3
00:00:43	7
00:00:40	8
00:00:41	2
00:20:00	540
00:20:02	7
00:20:03	7
00:20:04	2
00:20:05	8
00:20:07	5
00:20:08	13
03:22:00	2
00:12:55	27
00:04:37	10
00:04:36	5
00:04:35	10
00:04:34	2
00:04:33	6
00:04:32	4
00:04:31	4
00:04:30	26
00:04:39	2
00:04:38	2
01:41:00	120
01:26:22	1
00:09:58	11
00:09:59	1
00:09:56	8
00:09:57	20
00:09:54	3
00:09:55	32
00:09:52	17
00:09:53	15
00:09:50	34
00:09:51	7
00:42:13	1
03:24:00	3
00:42:16	1
01:36:09	1
01:36:07	1
00:42:18	2
01:36:00	170
00:22:46	1
00:22:47	13
00:22:44	2
00:22:45	5
00:22:42	6
00:22:43	2
00:22:40	8
00:22:41	1
00:22:48	9
00:22:49	1
00:47:34	1
00:47:35	2
00:47:32	2
00:37:02	1
00:47:30	1
00:47:31	1
03:27:00	3
00:24:48	4
00:40:14	1
00:40:10	3
00:40:12	1
00:24:40	12
00:24:41	3
00:24:42	1
00:24:43	17
00:24:44	4
00:24:45	8
00:24:47	1
00:39:58	1
00:39:54	1
00:39:57	3
00:39:50	2
00:39:53	1
00:39:52	1
03:29:00	3
00:21:08	5
00:21:07	13
00:21:06	2
00:21:05	7
00:21:03	6
00:21:02	14
00:21:01	1
00:21:00	262
00:25:08	7
01:35:05	1
00:25:03	3
00:25:02	8
00:25:01	1
00:25:00	575
00:25:07	3
00:25:06	2
00:25:05	6
04:42:00	2
00:29:35	8
00:29:33	5
02:08:00	43
01:01:37	1
01:27:40	3
04:50:00	1
00:27:09	4
00:27:08	9
00:27:05	15
00:27:04	4
00:27:07	4
01:08:31	1
00:27:00	366
00:27:03	10
00:27:02	9
04:31:02	1
00:54:41	1
09:35:00	1
00:54:40	1
01:46:28	1
00:16:39	2
00:33:11	1
02:27:00	18
00:36:07	4
03:28:00	4
00:36:05	1
01:05:50	1
02:33:00	11
01:32:03	1
01:31:32	1
00:10:38	31
00:10:39	4
00:10:32	25
00:10:33	89
00:10:30	82
00:10:31	8
00:10:36	2
00:10:37	32
00:10:34	1
00:10:35	27
01:56:22	1
01:42:56	1
05:44:00	3
01:02:45	1
01:35:24	1
00:45:40	1
01:44:50	1
02:07:00	44
01:29:22	1
01:37:40	1
01:30:10	1
02:04:00	59
00:29:29	3
00:29:28	3
00:29:25	12
00:29:24	4
00:29:27	9
00:29:26	1
00:29:21	3
00:29:20	13
00:29:23	12
00:29:22	4
00:13:28	17
00:06:40	14
00:06:41	2
00:18:30	22
00:06:43	8
00:18:36	2
00:06:45	10
00:06:46	4
00:06:47	8
00:06:48	13
00:06:49	2
00:18:38	10
00:18:39	1
01:03:00	33
01:18:48	1
01:18:47	1
01:38:00	193
02:00:47	1
04:10:00	10
00:01:45	3
00:01:44	1
00:01:47	2
00:01:46	3
00:01:41	2
00:01:40	8
00:01:43	3
00:01:42	5
00:46:25	1
00:01:49	2
00:01:48	2
00:46:20	1
02:05:00	73
01:52:23	1
01:52:26	1
01:07:10	1
02:01:00	53
01:07:17	1
00:43:20	3
00:43:22	1
01:33:38	1
00:27:56	2
00:07:49	2
00:07:48	5
00:07:47	11
00:07:46	5
00:07:45	14
00:07:44	5
00:07:43	8
00:07:42	7
00:07:41	2
00:07:40	10
00:23:34	1
00:23:36	3
00:23:37	14
00:00:59	4
00:23:31	1
00:23:32	4
00:23:33	3
00:00:55	2
00:00:54	3
00:00:57	3
00:00:56	1
00:23:38	3
00:00:50	5
00:00:53	3
00:00:52	4
00:20:17	13
00:20:16	2
00:20:15	12
00:20:14	2
00:20:13	9
01:37:00	186
00:20:11	2
00:20:10	4
00:44:27	5
01:34:17	1
02:03:00	53
00:20:19	2
00:20:18	6
03:55:00	3
00:27:54	1
00:09:49	5
00:09:48	12
00:09:45	22
00:09:44	8
00:09:47	16
00:09:46	6
00:09:41	3
00:09:40	23
00:09:43	61
01:39:00	105
00:58:10	2
05:18:09	1
03:57:00	1
00:22:55	6
00:22:57	1
00:22:50	4
00:22:53	6
00:22:52	1
00:22:59	2
00:22:58	6
00:38:13	1
03:40:00	4
00:48:07	1
00:47:20	1
00:47:22	1
04:08:42	1
00:47:28	1
01:53:27	1
00:24:58	7
00:24:57	6
00:24:56	2
00:24:55	9
00:24:54	4
00:24:53	8
00:24:52	12
00:24:50	11
00:02:57	14
02:01:15	1
02:50:00	33
00:02:54	12
01:01:02	1
01:21:50	1
02:56:00	10
04:16:00	2
00:27:30	27
00:27:31	2
00:27:32	6
00:27:33	8
00:27:34	4
00:27:35	4
00:27:36	3
00:27:37	6
00:27:38	13
00:27:39	1
01:27:58	1
00:14:54	6
00:14:55	12
00:14:56	2
00:14:57	11
00:14:50	18
00:14:51	1
00:14:52	11
00:14:53	12
00:40:20	2
00:14:58	10
00:40:25	1
02:54:00	10
00:36:23	3
02:58:00	10
01:57:50	1
03:59:00	1
05:45:00	2
00:38:59	1
06:09:00	1
01:09:28	1
01:27:37	1
01:31:28	1
01:51:48	1
00:01:54	2
00:10:29	3
00:10:28	26
01:00:30	1
00:10:21	7
00:10:20	44
00:10:23	31
00:10:22	24
00:10:25	47
00:10:24	6
00:10:27	16
00:10:26	7
01:42:49	1
00:01:50	7
03:58:00	2
02:59:00	4
01:42:40	1
01:42:42	1
00:50:22	2
02:23:48	1
01:44:47	2
00:57:23	3
02:07:30	1
04:18:00	1
02:05:17	1
00:29:10	20
00:29:11	2
00:29:12	2
00:29:13	6
00:29:14	2
00:29:15	4
00:29:16	2
00:29:17	7
00:29:18	6
00:29:19	2
00:57:28	2
00:06:57	16
00:06:56	6
00:06:55	1
00:06:54	5
00:06:53	13
00:06:52	4
00:18:27	8
00:06:50	12
00:18:29	2
00:18:28	14
01:32:28	1
00:06:59	1
00:06:58	6
00:09:09	1
00:43:33	1
10:31:00	1
04:19:00	2
01:18:52	1
01:41:41	1
00:32:55	2
00:32:56	1
00:32:57	3
00:32:50	3
00:32:52	1
00:32:53	2
01:33:09	1
00:49:15	1
00:49:13	1
00:49:10	3
00:49:11	1
01:55:17	1
00:49:18	1
02:36:00	21
00:45:12	1
00:45:13	1
00:19:28	5
00:19:29	2
00:45:16	1
00:19:22	4
00:19:23	8
00:19:20	11
00:19:21	1
00:19:27	30
00:19:24	2
00:19:25	9
00:46:39	1
00:46:38	3
00:46:36	1
00:46:30	3
00:34:53	3
00:34:57	1
01:33:00	154
03:07:00	3
01:07:25	1
00:07:52	11
01:07:22	1
01:33:22	1
00:23:29	1
00:23:28	7
00:43:10	1
00:43:13	1
00:23:23	2
00:23:22	3
00:23:20	18
00:43:18	1
00:23:26	3
00:23:25	7
00:23:24	2
01:37:33	1
03:05:00	11
00:44:30	4
00:44:36	1
00:44:35	1
00:44:39	1
00:44:38	1
07:30:00	1
05:40:00	1
00:39:08	1
06:57:00	2
00:00:48	4
00:58:37	2
01:59:07	1
00:23:06	1
01:59:00	57
00:00:46	3
01:36:23	1
00:14:45	19
00:23:08	3
01:20:42	1
00:27:28	12
00:10:54	4
00:47:12	1
00:47:13	1
00:47:14	1
00:47:15	1
02:52:22	1
11:50:00	1
01:50:55	1
01:58:00	90
00:41:15	1
00:41:12	1
00:41:13	2
00:41:10	1
00:44:10	1
07:45:00	1
00:44:13	1
00:17:51	1
00:15:48	4
00:15:49	2
00:15:44	1
00:15:45	11
00:15:46	8
00:15:47	16
00:15:40	13
00:15:41	3
00:15:42	14
00:15:43	12
00:27:27	8
00:27:26	3
00:27:25	7
00:14:48	14
00:27:23	11
00:27:22	16
00:27:21	1
00:27:20	13
00:14:43	25
00:14:42	9
00:14:41	2
00:14:40	29
00:14:47	18
00:14:46	5
00:27:29	3
00:14:44	2
00:40:38	2
00:40:37	1
01:34:00	142
00:40:35	2
00:37:25	1
00:40:32	3
00:40:31	2
00:40:30	1
01:34:03	1
01:40:15	1
01:07:45	1
00:16:18	6
01:30:20	1
01:09:37	1
00:16:12	10
00:16:13	10
00:16:10	14
00:16:16	4
00:16:17	9
00:16:14	1
00:16:15	11
05:33:00	1
01:05:35	1
00:26:41	2
01:47:41	1
00:10:18	28
00:10:19	8
00:10:14	6
00:10:15	34
00:10:16	6
00:10:17	61
00:10:10	19
00:10:11	4
00:10:12	23
00:10:13	29
00:12:38	17
01:24:24	1
00:32:24	1
03:38:00	3
06:35:00	2
01:41:08	2
01:24:20	1
00:12:16	3
00:12:17	11
01:54:00	72
00:12:15	17
00:12:12	10
00:12:13	29
00:12:10	12
04:33:00	1
00:32:22	2
01:09:33	1
00:12:18	7
00:12:19	3
03:36:00	9
00:48:28	1
00:56:58	3
00:56:52	1
00:56:50	4
00:56:51	1
00:56:57	1
00:56:54	1
00:56:55	4
00:29:07	4
00:29:05	6
00:29:04	3
00:29:03	5
00:29:02	6
00:29:01	1
00:29:00	294
00:29:09	1
00:12:35	12
00:26:45	9
01:04:15	1
00:18:14	2
00:18:15	8
00:18:16	2
00:18:17	7
00:18:10	12
00:18:11	1
00:18:12	5
00:18:13	2
03:13:41	1
00:58:55	1
00:18:18	3
00:18:19	3
01:03:27	2
00:06:18	3
03:03:00	9
04:13:00	1
02:01:37	2
00:27:52	9
01:06:16	1
00:27:53	9
00:27:50	15
04:39:00	1
00:32:43	2
00:32:42	1
00:27:51	2
00:32:47	5
03:39:00	1
00:48:06	1
00:13:24	3
00:32:48	2
00:48:03	2
00:48:00	170
00:27:57	8
00:49:05	1
00:06:10	6
01:29:52	1
00:49:00	111
00:49:03	2
00:49:02	1
01:55:00	111
00:35:40	1
00:13:27	18
00:35:47	3
00:35:44	1
00:35:45	3
04:37:00	2
00:45:00	166
00:45:02	1
00:45:05	1
00:19:30	23
00:19:33	4
00:19:32	6
00:19:35	6
00:19:37	5
00:19:36	1
00:46:00	83
00:46:02	2
00:46:03	1
00:46:07	2
00:46:08	2
03:04:00	5
00:34:40	3
01:07:31	1
01:52:07	1
01:52:00	80
00:34:44	1
00:34:48	1
01:32:31	2
01:32:30	1
00:56:33	1
01:31:10	1
01:33:53	1
00:23:58	5
00:23:56	1
00:23:57	4
00:23:54	1
00:23:55	5
00:23:52	2
00:23:53	14
00:23:50	5
03:02:00	2
01:37:28	1
01:50:05	1
01:37:23	1
01:50:00	170
00:44:45	3
04:38:00	1
04:49:00	1
10:00:00	1
01:21:25	1
03:01:00	3
00:42:48	1
03:00:00	75
00:42:40	1
00:42:42	1
00:42:45	1
00:42:47	1
01:36:30	1
00:47:09	1
00:47:08	1
00:47:07	1
00:47:05	1
00:47:00	83
00:43:09	1
01:53:00	82
00:43:03	2
00:43:00	71
00:43:07	1
01:45:42	1
00:43:05	1
00:51:08	1
00:24:49	2
00:16:44	1
01:56:00	68
00:29:41	1
03:37:12	1
01:58:13	1
00:11:41	2
00:41:06	1
00:41:00	33
01:35:57	1
00:25:50	16
00:05:41	6
00:25:52	7
00:25:53	9
00:25:54	1
00:25:55	9
00:25:56	3
00:25:57	6
00:25:58	10
01:56:07	1
00:51:02	3
00:15:53	9
00:15:52	12
01:15:50	1
00:15:50	26
00:15:57	16
01:15:57	2
00:15:55	14
00:15:54	2
00:40:19	1
00:15:59	1
00:15:58	14
00:51:05	1
00:51:48	5
00:51:49	1
00:51:45	2
00:51:46	1
00:05:46	3
00:51:40	4
00:51:43	2
01:08:00	31
00:14:38	14
00:14:39	4
00:14:36	5
00:14:37	10
00:14:34	4
00:14:35	25
00:14:32	8
00:14:33	10
00:14:30	49
00:14:31	3
00:13:42	11
00:13:43	13
00:13:40	26
00:13:41	1
00:13:46	1
00:13:47	9
00:13:44	3
00:13:45	18
00:13:48	6
00:49:58	1
01:57:30	1
00:57:42	1
00:57:43	1
00:57:40	1
00:57:41	1
00:57:47	1
00:57:44	1
00:57:45	3
00:57:48	1
00:16:09	1
00:16:08	14
01:09:00	32
01:09:03	2
00:16:01	2
00:16:00	384
00:16:03	13
00:16:02	13
00:16:05	14
00:16:04	2
00:16:07	25
00:16:06	1
01:05:00	55
02:16:46	1
06:40:00	1
00:11:46	3
04:03:00	1
01:31:00	139
00:59:48	1
01:31:09	1
01:31:08	1
00:10:03	18
00:10:02	21
00:10:01	3
00:10:00	806
00:10:07	24
00:10:06	1
00:10:05	26
00:10:04	6
00:10:09	6
00:10:08	31
01:56:10	1
09:10:00	1
05:39:00	4
00:12:05	15
00:12:04	5
00:12:07	6
00:12:06	2
00:12:01	1
00:36:37	2
00:12:03	13
00:12:02	8
00:10:51	10
06:30:00	3
00:25:32	5
00:12:08	3
00:56:40	1
00:56:42	3
00:56:45	4
00:56:44	1
00:56:47	1
00:20:12	10
00:25:33	22
01:35:00	214
01:04:00	16
00:58:43	1
00:58:42	1
00:58:40	1
00:58:47	1
01:03:38	1
01:03:37	1
01:03:31	1
01:03:30	1
11:28:00	1
00:44:02	1
01:06:01	1
01:06:00	28
09:29:12	1
00:25:31	3
01:06:08	1
00:32:37	1
00:32:34	1
00:32:35	2
00:32:32	2
00:48:18	1
00:32:30	8
01:26:30	1
01:13:00	35
00:48:11	3
00:48:10	2
00:48:13	1
00:32:39	1
00:25:36	1
00:35:50	1
03:19:38	1
00:35:52	2
00:35:55	2
00:35:54	1
00:35:57	1
00:45:35	1
00:45:37	1
00:19:08	3
00:19:09	1
00:19:04	2
00:19:05	13
00:19:07	10
00:19:00	270
00:19:01	1
00:19:02	15
00:19:03	5
00:46:17	3
00:46:15	2
01:51:00	79
00:46:10	2
03:33:00	3
00:46:19	1
00:18:09	1
00:18:08	3
01:07:43	1
01:07:41	1
00:18:03	20
00:18:02	8
00:18:01	1
00:18:00	305
00:18:07	7
01:32:43	2
00:18:05	5
00:18:04	2
01:33:45	2
01:33:47	1
00:23:49	2
00:23:48	4
00:23:45	8
00:23:44	2
00:23:47	6
00:23:46	2
00:23:41	3
00:23:40	7
00:23:43	4
00:23:42	3
01:28:15	2
03:31:00	2
00:25:35	7
00:44:55	1
00:44:54	1
00:44:52	1
01:34:48	1
00:49:23	4
00:44:59	1
00:49:38	1
03:01:18	1
00:49:30	3
00:49:32	1
00:49:36	1
01:59:27	1
01:26:53	1
00:42:57	1
00:42:55	1
01:59:28	1
03:23:56	1
01:08:33	1
00:52:23	1
02:52:00	11
00:19:54	2
00:52:20	2
00:52:27	1
01:13:30	2
01:13:31	1
00:08:08	6
01:13:38	1
02:12:27	1
01:08:39	1
04:30:00	9
00:41:32	1
01:06:55	1
02:50:53	1
00:41:37	2
02:16:08	1
01:35:43	1
01:34:30	1
02:16:03	1
00:25:47	6
00:25:45	6
00:25:44	2
00:25:43	3
00:25:42	14
00:25:40	6
02:53:00	16
00:25:49	1
00:25:48	2
00:15:26	3
00:15:27	7
00:15:24	3
00:15:25	19
00:15:22	6
00:15:23	4
00:15:20	23
00:15:21	2
00:16:49	3
04:57:00	1
00:15:28	10
00:08:07	4
00:51:53	2
00:51:52	2
00:51:50	1
00:51:57	2
00:51:55	1
00:51:54	1
02:32:08	1
02:16:00	33
01:29:50	1
02:51:00	8
00:14:29	1
00:14:28	12
00:14:25	7
00:14:24	5
00:14:27	27
00:14:26	5
00:14:21	2
00:14:20	24
00:14:23	16
00:14:22	10
01:03:20	1
01:56:30	1
00:13:50	32
00:13:53	44
00:13:52	10
00:13:55	16
00:13:54	3
00:13:57	11
00:13:56	3
00:13:59	3
00:13:58	13
00:57:51	1
00:57:50	5
00:57:55	4
00:57:54	2
00:57:57	1
01:14:42	1
00:57:58	1
01:09:10	2
01:15:15	1
00:16:38	4
00:00:22	3
00:16:34	2
00:16:35	3
00:16:36	1
00:16:37	9
00:16:30	19
00:16:31	2
00:16:32	14
00:16:33	8
02:16:32	1
01:05:18	1
01:00:09	1
01:00:08	1
00:20:22	9
01:00:00	613
02:09:43	1
01:00:06	1
00:20:23	12
03:30:00	6
02:35:00	18
00:10:49	2
00:54:32	1
00:54:30	4
00:54:36	1
02:30:00	68
00:26:51	2
00:26:50	4
02:34:00	17
04:51:00	1
00:26:53	2
00:36:20	2
01:54:26	1
00:26:52	9
02:37:00	18
00:26:55	10
02:19:00	32
00:26:54	1
00:10:41	2
01:01:40	1
00:26:56	2
01:01:45	1
01:01:47	1
00:34:00	68
00:17:12	6
00:59:53	1
00:59:51	1
00:59:50	1
00:59:55	1
00:58:36	1
00:25:21	1
00:58:35	1
00:58:33	1
00:58:30	3
00:11:56	2
00:30:33	12
02:34:17	1
00:25:23	8
00:58:39	4
00:37:28	2
00:37:22	1
00:25:25	7
00:37:21	1
00:37:26	1
00:37:27	1
00:25:24	2
00:25:27	9
00:25:26	1
01:47:47	2
00:48:20	1
00:12:39	2
00:32:27	2
00:32:40	4
00:32:20	3
00:48:26	1
00:25:28	11
00:12:30	43
00:12:31	1
00:12:32	12
00:12:33	9
00:12:34	3
01:02:00	38
00:12:36	3
00:12:37	7
01:55:22	1
01:29:08	1
00:54:02	1
00:45:23	2
01:29:00	110
00:45:24	1
00:19:13	7
00:19:12	5
00:19:11	3
00:19:10	18
00:19:17	6
00:19:16	1
00:19:15	10
00:19:14	3
00:19:19	1
00:19:18	8
01:24:00	110
01:39:36	1
00:48:05	1
00:54:05	1
00:09:35	19
00:54:04	1
00:17:19	3
01:07:57	1
01:39:35	1
01:32:52	1
03:46:00	3
05:30:00	5
01:39:30	1
00:09:33	13
00:33:56	1
01:50:20	1
01:50:23	1
04:00:00	18
01:50:29	1
00:42:33	1
00:42:34	2
00:49:29	1
00:49:28	1
00:49:27	3
00:49:25	2
00:49:24	1
01:01:00	37
00:49:22	2
00:49:20	1
00:35:41	1
00:13:09	2
00:49:08	1
01:22:55	1
02:57:00	10
05:37:00	2
00:13:04	5
08:15:00	12
05:09:00	1
00:19:38	6
00:06:42	4
06:49:00	1
04:08:00	2
01:13:20	1
00:22:20	7
04:52:00	2
01:45:17	1
02:29:00	17
01:17:32	1
00:45:08	2
01:17:38	1
01:58:32	1
00:41:25	2
00:41:23	1
00:15:35	10
00:15:34	1
00:15:37	13
00:15:36	2
00:15:31	2
00:15:30	23
00:15:33	27
00:15:32	10
00:15:39	2
00:15:38	16
00:11:22	10
00:11:23	22
00:11:20	15
00:11:21	4
00:11:26	2
00:11:27	14
00:51:20	4
00:51:21	1
00:11:28	10
00:11:29	1
00:51:28	4
00:14:10	31
00:14:11	1
00:38:18	3
00:14:13	16
00:14:14	2
00:14:15	20
00:14:16	3
00:14:17	10
00:14:18	20
00:14:19	3
00:38:10	1
03:20:00	27
00:38:14	1
02:09:00	38
02:55:00	20
02:08:57	1
05:51:00	1
01:14:50	1
00:03:44	14
01:14:54	1
02:08:52	1
00:16:23	15
00:16:22	11
00:16:21	1
00:16:20	15
00:16:27	9
00:16:26	3
00:16:25	11
01:52:05	1
04:06:00	2
00:16:28	5
00:34:43	2
00:34:45	1
00:31:18	3
01:20:12	1
01:20:17	1
00:30:12	2
00:30:13	4
00:30:10	5
00:30:16	2
00:30:17	8
00:30:14	4
00:30:15	6
00:30:18	2
	2136
00:54:20	1
00:54:23	1
00:54:27	1
00:51:25	2
00:51:23	1
00:36:14	1
00:36:15	3
00:11:24	3
00:31:15	4
00:11:25	10
00:36:19	1
01:01:58	1
00:55:23	2
00:54:53	1
05:57:00	1
00:59:28	1
00:18:22	5
00:59:25	1
00:59:20	1
00:59:21	1
00:58:25	2
00:58:24	1
00:58:20	1
00:14:12	9
01:06:28	1
00:37:30	1
01:06:21	1
00:39:10	1
00:32:19	1
03:06:00	11
00:32:10	2
00:32:12	1
00:32:13	5
00:32:15	4
00:32:17	1
00:48:37	2
00:48:36	2
01:02:32	1
00:12:29	3
00:12:28	12
00:12:27	8
00:12:26	4
00:12:25	14
00:12:24	3
00:12:23	13
00:12:22	14
00:12:20	16
00:45:58	3
00:45:57	1
00:45:55	2
02:32:00	10
00:45:50	3
01:50:58	1
01:51:28	1
01:51:27	1
00:54:57	1
00:21:25	7
00:21:24	2
00:34:16	3
00:34:17	2
00:34:14	2
00:34:15	1
00:34:12	2
00:41:50	1
00:34:10	6
00:34:11	1
00:07:14	9
00:02:48	7
00:02:49	8
00:02:44	9
00:02:45	12
00:02:46	4
00:02:47	7
00:02:40	8
00:02:41	15
00:02:42	4
00:02:43	10
03:18:38	1
11:40:00	1
01:35:20	2
00:58:50	1
00:21:29	1
00:21:28	4
01:45:20	1
01:22:49	1
01:22:43	1
01:22:40	1
04:56:00	3
00:43:53	2
00:43:54	1
00:43:58	1
03:51:00	2
00:50:54	1
00:50:55	1
00:50:50	2
00:50:51	1
00:50:53	3
00:50:58	3
04:04:00	3
00:19:59	1
01:01:08	1
00:02:04	6
01:12:30	1
04:58:00	2
01:01:05	1
01:19:13	1
01:19:11	1
06:53:00	1
01:19:15	1
00:05:58	7
00:05:59	2
04:02:00	1
00:05:52	8
00:05:53	5
00:05:50	10
00:05:51	5
00:05:56	4
00:05:57	6
00:05:54	7
00:05:55	6
00:51:35	3
00:11:30	22
00:11:33	13
00:11:32	10
00:11:35	10
00:51:30	6
00:11:37	11
00:11:36	5
00:11:39	1
00:11:38	8
01:08:53	2
00:14:07	12
00:14:06	2
00:14:05	14
00:14:04	2
00:14:03	14
00:14:02	14
00:14:01	1
00:14:00	546
00:38:00	43
00:38:03	2
01:16:26	1
01:16:27	1
00:14:09	3
00:14:08	16
01:13:13	1
01:13:17	2
12:34:00	1
00:12:14	3
00:06:44	6
01:57:00	79
02:13:38	1
04:05:00	3
02:13:33	1
00:53:58	1
01:11:12	1
00:16:57	21
00:16:54	1
00:16:55	7
00:16:52	18
00:16:53	7
00:16:50	12
01:11:15	1
02:16:15	1
00:16:58	5
00:15:08	10
00:15:09	3
00:15:00	551
00:15:02	11
00:15:03	14
00:15:04	3
00:15:05	15
00:15:06	2
00:15:07	12
00:10:58	22
00:10:59	4
00:26:48	8
00:26:49	2
00:18:33	5
00:10:50	59
01:20:00	169
00:26:40	16
00:10:53	13
00:26:46	1
00:26:47	12
00:10:56	4
01:20:06	1
01:40:42	1
00:30:03	5
00:30:02	2
00:30:05	4
00:30:04	3
00:30:07	10
00:30:08	10
00:18:37	18
00:17:02	9
00:17:03	8
00:17:00	339
00:17:01	2
00:17:06	1
00:18:34	1
01:24:10	1
00:17:05	12
00:54:15	1
00:17:08	8
00:18:35	5
00:54:10	2
00:54:13	2
00:33:45	2
00:33:47	1
00:33:40	2
00:33:42	1
00:33:43	1
00:18:32	8
00:56:17	1
00:56:15	1
00:56:12	1
00:56:13	1
00:41:18	1
00:56:18	3
00:55:30	4
00:55:33	2
00:31:09	3
00:55:35	1
01:25:44	1
00:31:02	4
00:31:03	5
00:31:00	123
00:31:07	5
00:31:04	2
00:31:05	1
06:20:00	2
00:59:36	1
00:59:31	1
00:59:30	1
03:13:00	6
15:05:00	1
02:17:30	1
00:37:05	1
00:37:07	1
00:37:00	41
01:06:50	1
00:32:09	2
00:32:08	2
00:32:07	1
00:32:05	2
00:32:04	1
00:32:03	1
00:32:02	1
00:32:00	74
01:26:02	1
00:52:18	2
01:26:00	107
01:02:23	1
01:02:20	1
00:36:03	1
00:52:13	5
00:52:10	7
00:36:00	44
00:52:16	2
00:52:17	3
01:02:29	1
00:52:15	3
04:55:00	1
00:35:02	1
00:35:00	113
00:45:45	2
00:45:46	1
00:45:41	1
01:29:21	1
00:35:08	1
00:45:42	2
01:52:40	1
00:34:09	1
01:52:46	1
03:04:48	1
00:34:02	3
00:18:50	9
00:18:51	3
00:18:52	8
00:18:53	19
00:18:54	3
00:18:55	9
00:18:56	1
00:18:57	6
00:18:58	5
00:18:59	1
00:58:13	2
00:58:17	1
00:02:53	17
00:02:52	14
00:02:51	9
00:02:50	10
01:12:40	1
00:02:56	8
00:02:55	14
00:05:17	18
00:02:59	9
00:02:58	19
00:05:14	2
03:18:00	5
06:32:00	1
02:38:00	17
01:40:50	1
03:19:00	4
00:04:42	7
00:04:43	11
00:04:40	13
00:04:41	3
00:04:46	6
00:04:47	10
00:04:44	3
00:04:45	9
00:04:48	7
00:04:49	5
01:22:30	1
04:54:00	1
02:40:00	34
12:00:00	1
03:43:00	1
00:43:44	1
00:43:43	1
02:39:00	8
00:18:48	7
00:43:48	1
02:18:00	42
02:19:53	1
00:51:03	1
01:17:14	1
02:14:00	34
01:17:17	1
01:17:10	1
01:35:48	1
00:26:29	2
00:15:14	3
01:19:00	47
01:19:05	2
00:05:49	5
00:05:48	9
00:40:15	1
01:32:15	1
00:51:00	120
00:05:40	11
00:05:43	6
00:05:42	6
00:05:45	16
00:05:44	4
00:05:47	11
00:51:07	3
00:11:04	1
00:11:05	7
00:11:06	1
00:11:07	52
00:11:00	746
00:11:01	1
00:11:02	19
00:11:03	9
01:08:47	1
04:07:24	1
00:11:08	12
00:11:09	2
01:08:41	1
00:38:38	1
00:38:35	2
02:15:00	38
00:38:37	1
00:38:30	1
00:38:33	1
00:50:49	1
00:50:43	2
01:13:05	2
00:50:40	3
01:13:03	1
00:41:07	2
00:50:45	1
00:50:44	1
01:11:50	1
00:57:08	1
00:57:09	1
00:57:05	3
00:57:02	2
00:57:03	1
00:57:00	109
01:58:18	1
01:09:40	1
01:09:46	1
03:41:00	2
02:13:00	43
00:16:45	9
01:11:00	37
00:16:47	7
00:08:09	2
00:16:41	1
00:16:40	52
00:16:43	4
00:16:42	1
00:08:02	6
00:08:03	21
00:08:00	306
00:08:06	6
00:16:48	7
00:08:04	3
00:08:05	6
00:15:18	3
00:15:17	31
00:15:16	3
00:15:15	12
02:12:00	30
00:15:13	9
00:15:12	10
00:15:11	1
00:15:10	11
01:00:50	1
00:26:58	13
01:20:38	1
02:11:00	27
00:10:48	15
00:10:47	20
00:10:46	6
00:10:45	35
00:10:44	7
00:10:43	37
00:10:42	35
00:26:57	16
00:10:40	56
00:30:34	5
00:30:35	7
00:30:36	2
00:30:37	8
00:30:30	13
00:30:32	3
01:40:31	2
00:30:38	6
00:30:39	1
01:40:38	1
00:54:03	1
00:17:10	8
00:17:13	18
01:24:06	2
00:17:15	4
00:17:14	5
00:17:17	4
00:17:16	2
00:33:53	2
00:17:18	5
00:54:09	1
00:33:50	1
00:33:57	1
02:10:00	54
00:33:55	3
04:12:00	1
00:53:03	1
00:53:00	131
00:13:08	12
00:53:05	1
00:13:06	3
00:13:07	17
01:10:00	113
00:13:05	14
00:13:02	17
00:13:03	37
00:13:00	405
00:13:01	2
00:57:36	1
00:46:22	1
00:15:51	1
00:46:23	2
00:56:07	1
01:15:51	1
00:56:00	125
00:56:03	2
04:26:00	2
03:44:00	3
00:31:19	1
00:55:05	2
01:25:53	2
00:55:07	1
00:55:00	310
00:55:03	1
00:31:10	2
00:31:13	3
00:31:12	6
00:55:08	2
00:31:17	2
00:59:00	87
00:59:07	1
00:59:08	1
01:54:33	1
01:43:00	131
04:20:00	4
00:35:15	2
00:37:12	1
00:37:17	2
00:57:39	1
00:37:15	2
00:37:14	2
00:45:30	2
04:21:00	2
00:52:08	1
03:45:00	15
00:52:00	306
00:52:03	6
00:52:02	3
00:52:05	2
00:52:07	2
00:52:06	2
00:19:48	9
00:35:17	2
01:29:30	1
00:35:10	1
00:35:13	3
00:20:59	1
00:19:40	13
00:19:41	4
00:19:42	8
00:19:43	15
00:19:44	3
00:19:45	18
00:19:46	1
00:19:47	7
00:43:25	1
00:34:30	3
00:34:32	1
00:51:47	2
00:34:35	3
01:52:50	1
00:18:47	6
00:18:46	3
00:18:45	19
00:18:44	2
00:18:43	4
00:18:42	5
00:18:41	2
00:18:40	14
00:58:07	2
00:58:02	2
00:18:49	1
00:58:00	176
00:02:26	13
00:02:27	5
00:02:24	4
00:02:25	8
00:02:22	7
00:02:23	7
00:02:20	12
00:02:21	2
04:40:00	1
01:42:33	1
00:39:13	1
00:02:28	10
00:02:29	5
00:39:12	3
01:33:33	1
02:42:00	11
03:56:00	1
04:22:00	1
00:23:30	17
01:45:00	186
00:00:58	3
00:04:51	3
00:04:50	12
00:04:53	6
00:04:52	10
00:04:55	7
00:04:54	3
00:04:57	6
00:04:56	2
00:04:59	5
00:04:58	7
00:12:58	12
01:22:23	2
00:20:47	4
01:15:27	1
00:00:51	6
00:23:39	5
01:12:59	1
01:15:24	1
01:12:52	1
00:48:48	1
01:37:05	1
01:17:03	1
01:17:00	54
00:45:38	1
00:07:38	13
00:07:39	2
00:07:32	6
00:07:33	5
00:07:30	23
00:07:31	4
00:07:36	2
00:07:37	4
00:07:34	1
00:07:35	8
01:12:45	1
01:19:30	2
01:19:33	3
00:11:19	4
00:11:18	9
02:28:00	19
00:11:13	13
00:11:12	17
00:11:11	4
00:11:10	19
00:11:17	12
00:11:16	1
00:11:15	20
00:51:10	1
00:26:05	3
00:30:48	3
00:38:23	1
00:38:20	4
01:20:43	1
00:38:25	1
01:16:04	1
00:38:28	1
01:16:00	73
01:16:03	1
02:18:30	1
00:50:35	2
00:50:33	2
00:50:30	4
00:50:31	2
00:57:18	2
00:57:17	3
00:57:16	1
00:57:11	2
00:57:10	1
00:30:40	3
03:10:23	1
00:24:28	9
00:24:29	1
00:30:43	5
01:14:00	54
00:24:22	6
00:24:23	7
00:24:20	16
01:40:00	308
00:24:26	2
00:24:27	7
00:24:24	1
00:24:25	8
00:08:19	3
00:08:18	11
01:11:31	1
01:11:33	1
00:08:11	4
00:08:10	11
00:08:13	7
00:08:12	19
00:08:15	19
00:08:14	5
00:08:17	9
00:08:16	5
01:01:23	1
01:15:05	1
01:15:00	138
00:30:29	1
00:30:28	1
00:17:48	10
03:47:15	1
01:00:40	1
00:30:23	4
00:30:22	3
00:30:20	6
00:30:26	1
00:30:25	9
01:00:48	1
00:17:46	1
01:40:27	1
01:28:43	1
01:24:30	1
01:41:13	1
00:17:24	3
00:17:25	8
00:17:26	1
00:17:27	5
00:17:20	15
00:33:28	3
00:17:23	3
00:33:25	2
00:33:22	1
00:17:29	3
00:33:20	4
00:53:10	1
00:53:13	1
00:53:12	2
00:13:19	3
00:13:18	11
00:53:17	1
01:27:25	1
00:13:15	18
01:10:10	1
00:13:17	13
01:27:29	2
00:13:11	2
00:13:10	21
00:13:13	13
00:13:12	24
00:56:38	2
00:56:30	5
00:56:31	1
00:48:30	4
00:56:37	2
01:46:40	1
01:59:10	1
00:55:13	1
00:55:12	2
00:09:42	15
00:55:16	1
00:55:14	1
00:31:28	1
05:10:00	2
00:31:25	2
00:31:27	1
00:31:20	2
00:31:22	1
00:31:23	2
00:33:08	1
00:59:13	2
00:59:12	1
00:59:10	1
00:48:38	1
00:59:18	1
01:43:13	1
03:08:00	5
02:44:00	11
00:13:37	26
01:47:00	96
00:27:40	17
00:27:43	10
00:27:42	9
01:27:00	139
00:52:30	5
00:27:44	2
01:29:12	1
00:28:48	7
00:28:49	3
01:29:40	1
00:19:58	8
00:19:57	11
00:28:45	12
00:19:55	11
00:13:30	30
00:19:53	5
00:19:52	10
00:19:51	2
00:19:50	12
03:49:00	1
01:19:43	1
00:34:27	2
00:34:25	2
00:34:23	3
00:34:22	1
00:34:20	2
02:43:00	12
01:28:00	134
01:28:02	2
00:02:35	7
00:02:34	14
00:02:37	10
00:02:36	9
00:02:31	13
00:02:30	9
00:02:33	8
00:02:32	12
00:02:39	5
00:02:38	16
00:06:22	7
00:06:23	7
00:06:20	6
00:06:21	3
00:06:26	2
00:06:27	9
00:06:24	7
00:06:25	4
00:06:28	6
00:06:29	3
03:47:00	2
00:59:43	2
00:03:54	8
00:03:55	14
00:03:56	6
00:03:57	7
00:03:50	11
00:03:51	7
00:03:52	11
00:03:53	9
00:35:20	1
01:23:45	2
00:35:23	3
00:03:58	6
00:03:59	4
02:46:00	11
00:35:27	2
01:22:10	1
02:47:00	5
01:10:30	1
00:03:15	10
02:48:00	9
04:46:00	1
00:54:00	97
01:12:22	1
01:12:23	1
05:50:00	3
04:28:00	1
00:28:29	1
06:12:00	1
02:14:26	1
00:07:28	4
00:07:21	1
00:07:20	16
00:07:23	12
00:07:22	8
00:07:25	8
00:07:24	3
00:07:27	5
01:23:39	1
01:19:23	1
00:51:17	1
01:19:21	1
01:19:20	1
01:19:27	1
03:37:00	1
00:51:12	1
00:27:06	2
00:38:57	2
00:38:55	2
00:38:53	2
02:31:11	1
01:16:14	2
01:18:28	1
02:49:00	6
00:50:28	1
00:50:25	3
00:50:27	1
00:50:20	1
00:50:23	1
06:29:59	1
00:57:20	2
00:57:22	1
00:40:49	1
00:57:25	1
00:40:42	2
00:40:43	1
00:40:40	1
00:40:46	2
00:40:47	1
00:40:45	1
00:24:38	7
01:11:28	1
00:24:31	2
00:24:30	19
00:24:33	5
00:24:32	7
00:24:35	5
00:24:34	1
00:24:37	8
00:24:36	1
00:39:02	1
00:39:00	39
00:08:28	9
00:08:29	3
03:15:00	7
00:08:24	3
00:08:25	6
00:08:26	3
00:08:27	8
00:08:20	40
00:08:21	3
00:08:22	4
00:08:23	6
01:16:23	1
00:21:58	4
00:21:59	1
00:21:55	2
00:21:56	2
00:21:57	16
00:21:50	11
00:21:52	2
00:21:53	5
00:58:53	1
02:31:00	15
00:49:42	3
00:30:58	3
00:30:59	1
00:30:57	4
01:40:12	1
00:30:55	6
00:30:52	2
00:30:53	1
00:30:50	9
00:30:51	1
00:17:39	2
00:17:38	14
00:24:08	2
00:17:33	1
00:17:32	10
00:17:31	4
00:17:30	33
00:17:37	10
00:17:36	1
00:17:35	4
00:17:34	3
00:33:35	1
00:33:34	2
00:33:30	2
00:33:33	1
00:33:32	1
00:13:20	41
00:13:21	3
00:13:22	9
00:13:23	9
00:53:20	2
00:13:25	10
00:13:26	5
00:27:55	14
03:14:00	5
00:27:58	11
00:27:59	1
01:10:20	1
00:53:29	1
07:02:25	1
00:36:32	2
00:48:35	3
00:56:28	1
00:56:27	1
00:56:26	1
00:56:25	2
00:56:23	2
00:36:30	1
00:56:21	1
00:56:20	1
00:12:00	342
00:31:33	5
00:31:32	5
03:16:00	3
00:31:30	3
00:31:37	2
00:31:36	1
00:31:35	1
00:31:34	1
00:31:38	4
01:49:07	2
05:43:50	1
00:12:09	1
00:20:46	3
08:25:00	1
00:01:24	2
00:36:50	1
00:52:22	4
00:36:52	2
00:36:53	1
00:36:54	1
00:36:55	1
00:52:25	1
00:36:57	2
05:12:00	3
00:28:53	14
00:28:52	5
00:28:51	4
00:28:50	15
00:28:57	9
00:28:56	2
00:28:55	5
00:28:54	3
00:28:58	4
01:19:52	1
02:23:20	1
01:30:49	1
02:43:30	1
01:30:43	1
01:28:34	1
01:28:35	1
01:36:42	1
00:06:31	2
00:06:30	19
00:06:33	8
00:06:32	9
00:06:35	8
00:06:34	4
00:06:37	4
00:06:36	5
00:06:39	1
00:06:38	7
00:57:12	1
00:03:49	7
00:03:48	20
00:03:43	6
00:03:42	10
00:03:41	10
00:03:40	10
00:03:47	7
00:03:46	4
00:03:45	9
04:22:27	1
00:35:36	2
00:35:35	3
00:35:34	1
00:35:33	2
00:35:30	2
01:22:00	82
08:48:00	1
02:00:30	1
01:57:24	1
01:49:52	1
00:01:18	9
00:01:19	1
00:52:57	2
00:01:12	4
00:01:13	9
00:01:10	1
00:01:11	6
00:01:16	3
00:01:17	5
00:01:14	4
00:01:15	5
00:02:08	5
00:02:09	5
00:02:00	46
00:02:01	1
00:02:02	3
00:02:03	9
01:12:31	1
00:02:05	4
00:02:06	10
00:02:07	6
00:52:50	1
00:07:18	12
00:07:19	4
01:23:00	84
00:07:15	6
00:07:16	2
00:07:17	11
00:07:10	11
00:07:11	2
00:07:12	5
00:07:13	12
00:00:02	2
00:00:03	1
00:00:01	6
00:00:06	1
00:00:05	1
01:37:50	1
00:00:09	1
00:00:39	2
00:20:44	1
00:20:45	10
01:19:54	1
00:23:11	3
00:20:40	13
00:20:41	2
00:20:42	17
00:20:43	7
00:36:48	1
00:20:48	8
00:20:49	3
00:05:16	3
01:21:03	1
01:21:00	57
00:05:15	13
00:05:12	5
00:05:13	9
00:05:10	12
00:05:11	2
00:05:18	8
00:05:19	2
00:09:12	15
00:09:13	14
00:09:10	40
00:09:11	1
00:09:16	6
00:09:17	14
00:09:14	5
00:09:15	18
00:09:18	12
00:09:19	2
00:38:45	3
00:38:44	1
00:22:08	4
00:38:46	1
00:38:41	1
00:38:43	1
00:38:42	1
00:22:02	7
00:22:03	4
00:22:00	381
00:22:06	1
00:22:07	7
00:22:04	2
00:22:05	6
00:50:10	1
00:50:12	3
00:50:13	1
00:50:15	1
00:50:19	2
00:40:58	1
00:57:35	2
00:57:33	1
00:40:50	1
00:40:55	1
01:14:26	1
00:57:38	1
03:10:00	9
00:24:09	2
00:24:04	3
00:24:05	8
00:24:06	4
00:24:07	4
00:24:00	271
00:24:02	7
00:24:03	7
00:08:33	12
00:08:32	13
00:08:31	3
00:08:30	30
00:08:37	18
00:08:36	3
00:08:35	9
00:08:34	4
00:08:39	1
00:08:38	18
00:14:59	1
00:21:43	3
00:21:42	5
00:21:41	3
00:21:40	25
00:21:47	8
00:21:46	1
00:21:45	9
00:21:49	2
00:21:48	12
00:20:37	8
00:26:07	9
00:26:04	2
00:20:36	4
00:26:02	9
00:26:03	4
00:26:00	374
00:26:01	2
00:30:45	6
01:40:06	1
00:30:47	2
00:30:46	1
00:17:07	7
00:26:08	2
00:30:42	11
04:24:00	3
04:42:42	1
00:17:49	2
00:54:50	1
00:17:47	20
00:54:52	1
00:17:45	9
00:17:42	4
00:17:43	14
00:17:40	11
00:17:41	2
00:33:00	77
00:33:02	2
00:53:38	3
00:33:04	1
00:33:05	1
00:33:06	1
00:33:07	1
00:53:33	1
00:53:32	1
00:53:30	1
00:53:37	1
00:53:34	1
00:27:41	1
00:13:36	4
00:13:35	10
00:13:34	1
00:27:45	9
00:13:32	8
00:27:47	45
00:27:46	5
00:27:49	2
00:27:48	9
01:27:09	1
00:13:39	4
00:13:38	9
01:34:37	1
01:44:16	1
03:21:00	1
01:25:05	1
01:25:00	162
00:31:46	1
00:31:47	1
00:31:45	3
00:31:42	2
00:31:40	11
00:31:41	1
03:12:00	9
00:37:49	1
01:43:37	1
00:37:43	1
04:43:03	1
00:25:16	1
00:25:17	9
01:37:08	1
01:41:38	1
01:26:48	1
01:26:47	1
01:26:46	1
01:26:45	1
01:26:40	1
00:36:46	2
00:36:45	2
00:36:43	2
00:36:41	2
00:36:40	3
02:26:00	18
00:36:49	1
00:52:59	1
00:28:26	2
00:28:27	6
00:28:24	2
00:28:25	8
00:28:22	9
00:28:23	9
00:28:20	15
00:28:21	1
00:25:18	4
00:28:28	11
00:25:19	3
05:08:00	2
01:30:52	1
02:24:00	20
00:17:22	13
01:30:55	1
08:00:24	1
01:02:12	2
00:33:29	2
02:04:49	1
